{
    "mode": "time_trial",
    "global_best": {
        "score": 16.933333333333653,
        "agent": "Neat_G17735",
        "metrics": {
            "0": 2.966666666666661,
            "1": 4.899999999999988,
            "2": 6.183333333333317,
            "3": 7.949999999999977,
            "4": 9.600000000000056,
            "5": 11.300000000000141,
            "6": 13.1666666666669,
            "7": 14.616666666666973
        }
    },
    "agent_bests": {
        "Neat_G17735": {
            "score": 16.933333333333653,
            "metrics": {
                "0": 2.966666666666661,
                "1": 4.899999999999988,
                "2": 6.183333333333317,
                "3": 7.949999999999977,
                "4": 9.600000000000056,
                "5": 11.300000000000141,
                "6": 13.1666666666669,
                "7": 14.616666666666973
            }
        },
        "Manual": {
            "score": 17.083333333333645,
            "metrics": {
                "0": 3.4499999999999926,
                "1": 5.699999999999985,
                "2": 6.599999999999982,
                "3": 8.333333333333327,
                "4": 9.916666666666739,
                "5": 11.616666666666823,
                "6": 13.383333333333578,
                "7": 14.76666666666698
            }
        },
        "Rover": {
            "score": 17.33333333333363,
            "metrics": {
                "0": 2.9833333333333276,
                "1": 4.966666666666654,
                "2": 6.2333333333333165,
                "3": 8.099999999999982,
                "4": 9.800000000000066,
                "5": 11.533333333333486,
                "6": 13.450000000000248,
                "7": 14.916666666666988
            }
        }
    }
}